Key;English;French;German;Polish;Spanish;Italian;Swedish;Czech;Hungarian;Dutch;Portuguese;Russian;Finnish;
infantry_offensive;Offensive Infantry;;;;Infantería ofensiva;;;;;;;;;
infantry_defensive;Defensive Infantry;;;;Infantería defensiva;;;;;;;;;
artillery_offensive;Offensive Artillery;;;;Artillería ofensiva;;;;;;;;;
artillery_defensive;Defensive Artillery;;;;Artillería defensiva;;;;;;;;;
generic_conservative;Generic Conservative;;;;Conservador generico;;;;;;;;;
generic_reactionary;Generic Reactionary;;;;Reaccionario generico;;;;;;;;;
generic_liberal;Generic Liberal;;;;Liberal generico;;;;;;;;;
generic_socialist;Generic Socialist;;;;Socialista generico;;;;;;;;;
generic_communist;Generic Communist;;;;Comunista generico;;;;;;;;;
generic_fascist;Generic Fascist;;;;Fascista generico;;;;;;;;;
craftsmen_fix_cooldown;Craftsmen Fix Cooldown;;;;Esto hizo que los trabajadores se convirtieran en artesanos.;;;;;;;;;
craftsmen_fix_cooldown_desc;Craftsmen Fix Cooldown is 10 years.;;;;Se puede tomar esta decisión cada 10 anos;;;;;;;;;
bureaucrats_fix_cooldown;Non-Accepted Bureaucrats Fix Cooldown;;;; Convertir a los burócratas no aceptados en artesanos;;;;;;;;;
bureaucrats_fix_cooldown_desc;Non-Accepted Bureaucrats Fix Cooldown is 10 years.;;;;Convertir a los burócratas no aceptados en artesanos. Se puede tomar esta decisión cada 10 anos;;;x ;;;;;;
EVTNAME9999901;Craftsmen Exploit Salvage;;;;Los artesanos explotan el salvamento;;;;;;;;;
EVTDESC9999901;This event converts all non-core/non-accepted craftsmen on your cores into artisans.;;;;Este evento convierte en artesanos a todos los artesanos no aceptados en tus núcleos.;;;;;;;;;
EVT2600OPTA;Integrate Them.;;;;Integralos.;;;;;;;;;
EVT2600OPTB;Reject Them.;;;;Recházalos.;;;;;;;;;
EVT2605OPTA;Hurrah!;;;;!Hurra!;;;;;;;;;
craftsmen_fix_title;Craftsmen Salvage Decision (10 year cooldown);;;;Decisión para cambiar a los trabajadores no aceptados.;;;;;;;;;
craftsmen_fix_desc;This decision is intended to salvage your country after it has been craftsmen hijacked. It will revert all non-core/non-accepted craftsmen on your cores to artisans so that your core craftsmen will start working. (Think South Germans in Venetia hijacking.) BE CAREFUL OF USE.;;;;Esta decisión pretende salvar tu país despues de que haya sido secuestrado por artesanos. Revertirá a todos los artesanos no primeras/no aceptados en tus núcleos a artesanos para que tus artesanos centrales empiecen a trabajar. (Piensa en los alemanes del sur en el secuestro de Venecia).  TENGA CUIDADO CON EL USO.;;;;;;;;;
bureaucrats_fix_title;Non-Accepted Bureaucrats Decision (10 year cooldown);;;;Decision sobre los burócratas no aceptados.;;;;;;;;;
bureaucrats_fix_desc;This decision is intended to convert non-accepted Bureaucrats into Artisans, in both states and colonies, so they stop getting fat off of state admin funding.;;;;Esta decisión pretende convertir a los burócratas no aceptados en artesanos, tanto en los estados como en las colonias, para que dejen de engordar con los fondos de la administración estatal.;;;;;;;;;
france_sphere_jap_title;Ask The French Empire for Support;;;;Pida apoyo al Imperio frances;;;;;;;;;
france_sphere_jap_desc;While France rules in Europe, we can rule in Asia, making an alliance between our two nations a logical decision. They will understand then that we require her resources to prosper in our time of need. (Decision only available in 1836);;;;Mientras Francia gobierna en Europa, nosotros podemos gobernar en Asia, por lo que una alianza entre nuestras dos naciones es una decisión lógica. Comprenderán entonces que necesitamos sus recursos para prosperar en nuestros tiempos de necesidad. (Decisión sólo disponible en 1836);;;;;;;;;
usa_sphere_jap_title;Ask the United States for Support;;;;Pedir apoyo a Estados Unidos;;;;;;;;;
usa_sphere_jap_desc;Clearly we cannot trust other interests in Asia, but we can't fuel this machine on good will. There appears to be a budding nation across the Pacific... they may be able to provide us with markets in our time of need. (Decision only available in 1836);;;;Está claro que no podemos confiar en otros intereses en Asia, pero no podemos alimentar esta máquina con buena voluntad. Parece que hay una nación en ciernes al otro lado del Pacífico... puede que nos proporcionen mercados en nuestros momentos de necesidad. (Decisión sólo disponible en 1836);;;;;;;;;
rus_sphere_jap_title;Ask Russian Empire for Support;;;;Pida apoyo al Imperio Ruso;;;;;;;;;
rus_sphere_jap_desc;If our interests are in China, then surely allying ourselves with the next best thing to overcome her would be the right course of action. (Decision only available in 1836);;;;Si nuestros intereses están en China, entonces seguramente aliarnos con la siguiente mejor opción para vencerla sería el curso de acción correcto. (Decisión sólo disponible en 1836);;;;;;;;;
change_tech_school_on_title;Change Tech School (Hidden);;;;Cambiar la escuela tecnica (oculta);;;;;;;;;
change_tech_school_on_desc;Show Tech School Decisions;;;;Mostrar las decisiones de la escuela tecnica;;;;;;;;;
change_tech_school_off_title;Change Tech School (Showing);;;;Cambiar la escuela tecnica (mostrar);;;;;;;;;
change_tech_school_off_desc;Hide Tech School Decisions;;;;Ocultar las decisiones de la escuela tecnica;;;;;;;;;
player_alliances_title;Ally All Player Nations;;;;Ally Todos los jugadores de las naciones;;;;;;;;;
player_alliances_desc;Automatically allies all player nations. DO NOT SPAM.;;;;Alía automáticamente todas las naciones de los jugadores. NO HACER SPAM.;;;;;;;;;
assert_on_steppe_title;Assert Ourselves in Central Asia;;;;Afirmarnos en Asia Central;;;;;;;;;
assert_on_steppe_desc;The Major Powers chaffing at our periphery is inclining us to attempt projecting into the steppe, but who could possibly own such a vast region with land ownership? The real value is the people themselves.;;;;Las grandes potencias que se agitan en nuestra periferia nos inclinan a intentar proyectarnos en la estepa, pero ?quien podría poseer una región tan vasta con la propiedad de la tierra? El verdadero valor es la propia gente.;;;;;;;;;
enact_the_homestead_act_mexico_title;The Mexican Homestead Act;;;;Ley de Asentamientos Rurales de Mexico;;;;;;;;;
enact_the_homestead_act_mexico_desc;During this time period, there were land reforms in Mexico very similar to the United States Homestead Act.;;;;Durante este periodo de tiempo, hubo reformas agrarias en Mexico muy similares a la Homestead Act de Estados Unidos.;;;;;;;;;
double_down_in_the_balkans_title;Double Down in the Balkans;;;;Doblete en los Balcanes;;;;;;;;;
double_down_in_the_balkans_desc;For too long have the peoples of the Balkans thwarted our efforts of expansion. Let us focus all our attention to the re-education and assimilation of these barbaric peoples.;;;;Durante demasiado tiempo los pueblos de los Balcanes han frustrado nuestros esfuerzos de expansión. Centremos toda nuestra atención en la reeducación y asimilación de estos pueblos bárbaros.;;;;;;;;;
the_homestead_act_mexico_title;The Mexican Homestead Act;;;;Ley de Asentamientos Rurales de Mexico;;;;;;;;;
the_homestead_act_mexico_desc;During this time period, there were land reforms in Mexico very similar to the United States Homestead Act.;;;;Durante este periodo de tiempo, hubo reformas agrarias en Mexico muy similares a la Homestead Act de Estados Unidos.;;;;;;;;;
policestate_modifier;The Police State;;;;Estado policial;;;;;;;;;
policestate_modifier_desc;You have an active Police State.;;;;Tiene un Estado policial activo.;;;;;;;;;
one_party_state_modifier;One Party State;;;;Estado monopartidista;;;;;;;;;
one_party_state_modifier_desc;You have an active One Party State.;;;;Tienes un Estado monopartidista activo.;;;;;;;;;
totalitarianism_modifier;Totalitarian;;;;Totalitario;;;;;;;;;
totalitarianism_modifier_desc;You have an active Totalitarianist government.;;;;Tienes un gobierno totalitario activo.;;;;;;;;;
leadership_principle_modifier;The Leadership Principle;;;;El principio de liderazgo;;;;;;;;;
leadership_principle_modifier_desc;Your people are enthralled by the Leadership Principle.;;;;Su gente está cautivada por el Principio de Liderazgo.;;;;;;;;;
ultranationalism_modifier;Ultranationalism;;;;Ultranacionalismo;;;;;;;;;
ultranationalism_modifier_desc;Your people are enthralled by Ultranationalism.;;;;Su pueblo está cautivado por el ultranacionalismo.;;;;;;;;;
collectivisation_modifier;Collectivisation;;;;Colectivización;;;;;;;;;
collectivisation_modifier_desc;Your people are enthralled by Collectivisation.;;;;Su pueblo está cautivado por la colectivización.;;;;;;;;;
classless_society_modifier;Classless Society;;;;Sociedad sin clases;;;;;;;;;
classless_society_modifier_desc;Your people have created a Classless Society.;;;;Su gente ha creado una sociedad sin clases.;;;;;;;;;
aryan;Aryan;;;;Aria;;;;;;;;;
turkic;Turkic;;;;Turca;;;;;;;;;
UNIT_BUILD_TIME_IW;$VAL$ days.;;;;$VAL$ días.;;;;;;;;x
industrial_tanneries;Industrial Tanneries;;;;Curtiembres industriales;;;;;;;;;
industrial_tanneries_desc;In the Victorian era tanneries were often close to the abattoirs and so the skins would often arrive at the tannery fresh and unsalted. With industrial levels of meat consumption, it was inevitable that the leather industry advance as well.;;;;En la epoca victoriana, las curtidurías solían estar cerca de los mataderos, por lo que las pieles solían llegar a la curtiduría frescas y sin salar. Con los niveles industriales de consumo de carne, era inevitable que la industria del cuero avanzara tambien.;;;;;;;;;
offensive_infantry_activation;Activate Offensive Infantry;;;;Activar la infantería ofensiva;;;;;;;;;
defensive_infantry_activation;Activate Defensive Infantry;;;;Activar la infantería defensiva;;;;;;;;;
offensive_artillery_activation;Activate Offensive Artillery;;;;Activar la artillería ofensiva;;;;;;;;;
defensive_artillery_activation;Activate Defensive Artillery;;;;Activar la artillería defensiva;;;;;;;;;
political_reformed_nation;Politically Liberal State;;;;Estado políticamente liberal;;;;;;;;;
political_reformed_nation_desc;Our country political reforms match every liberal demand, giving us international recognition as a truly free state.;;;;Las reformas políticas de nuestro país están a la altura de todas las exigencias liberales, lo que nos permite ser reconocidos internacionalmente como un Estado verdaderamente libre.;;;;;;;;;
TIN;§GTiny State Flag\n§WThis province is in a state that meets the following criteria:\n§Y1836 - 1870 §WLess than 100k POPs\n§Y1870 - 1900 §WLess than 150k POPs\n§Y1900+ §WLess than 200k POPs\n\n§RWarscore Costs (0.5x For Great Wars)\n§WThis province is in a state that has the following costs:\n§YAcquire Core: §W4% Warscore\n§YAcquire State: §W12% Warscore\n§YDemand Concession: §W8% Warscore\n§YPlace in the Sun: §W4% Warscore\n§YFree Peoples: §W12% Warscore\n§YTake Capital: §W66% Warscore;;;;;;;;;;;;;x
SMA;§GSmall State Flag\n§WThis province is in a state that meets the following criteria:\n§Y1836 - 1870 §W100k to 400k POPs\n§Y1870 - 1900 §W150k to 600k POPs\n§Y1900+ §W200k to 800k POPs\n\n§RWarscore Costs (0.5x For Great Wars)\n§WThis province is in a state that has the following costs:\n§YAcquire Core: §W12% Warscore\n§YAcquire State: §W24% Warscore\n§YDemand Concession: §W16% Warscore\n§YPlace in the Sun: §W8% Warscore\n§YFree Peoples: §W24% Warscore\n§YTake Capital: §W66% Warscore;;;;;;;;;;;;;x
MED;§GMedium State Flag\n§WThis province is in a state that meets the following criteria:\n§Y1836 - 1870 §W400k to 700k POPs\n§Y1870 - 1900 §W600k to 1M POPs\n§Y1900+ §W800k to 1.4M POPs\n\n§RWarscore Costs (0.5x For Great Wars)\n§WThis province is in a state that has the following costs:\n§YAcquire Core: §W16% Warscore\n§YAcquire State: §W32% Warscore\n§YDemand Concession: §W24% Warscore\n§YPlace in the Sun: §W12% Warscore\n§YFree Peoples: §W32% Warscore\n§YTake Capital: §W66% Warscore;;;;;;;;;;;;;x
LRG;§GLarge State Flag\n§WThis province is in a state that meets the following criteria:\n§Y1836 - 1870 §W700k to 1M POPs\n§Y1870 - 1900 §W1M to 1.5M POPs\n§Y1900+ §W1.4M to 2M POPs\n\n§RWarscore Costs (0.5x For Great Wars)\n§WThis province is in a state that has the following costs:\n§YAcquire Core: §W24% Warscore\n§YAcquire State: §W48% Warscore\n§YDemand Concession: §W32% Warscore\n§YPlace in the Sun: §W16% Warscore\n§YFree Peoples: §W48% Warscore\n§YTake Capital: §W66% Warscore;;;;;;;;;;;;;x
HUG;§GHuge State Flag\n§WThis province is in a state that meets the following criteria:\n§Y1836 - 1870 §WGreater than 1M POPs\n§Y1870 - 1900 §WGreater than 1.5M POPs\n§Y1900+ §WGreater than 2M POPs\n\n§RWarscore Costs (0.5x For Great Wars)\n§WThis province is in a state that has the following costs:\n§YAcquire Core: §W32% Warscore\n§YAcquire State: §W64% Warscore\n§YDemand Concession: §W40% Warscore\n§YPlace in the Sun: §W20% Warscore\n§YFree Peoples: §W64% Warscore\n§YTake Capital: §W66% Warscore;;;;;;;;;;;;;x
STR;§GDebug Tag;;;;;;;;;;;;;x
STR_ADJ;Debug;;;;;;;;;;;;;x
TIN;Tiny Sized State;;;;;;;;;;;;;;x 
SMA;Small Sized State;;;;;;;;;;;;;;x 
MED;Medium Sized State;;;;;;;;;;;;;;x 
LRG;Large Sized State;;;;;;;;;;;;;;x 
HUG;Huge Sized State;;;;;;;;;;;;;;x 
acquire_state_tiny;Acquire Tiny State;;;;;;;;;;;
acquire_state_tiny_short;Acquire Tiny State $STATE$.;;;;;;;;;;;
acquire_state_tiny_desc;Aquire an enemy §Ytiny state§W.;;;;;;;;;;;
acquire_state_tiny_setup;Demand that $RECIPIENT$ cede its tiny state.;;;;;;;;;;;
acquire_state_small;Acquire Small State;;;;;;;;;;;
acquire_state_small_short;Acquire Small State $STATE$.;;;;;;;;;;;
acquire_state_small_desc;Aquire an enemy §Ysmall state§W.;;;;;;;;;;;
acquire_state_small_setup;Demand that $RECIPIENT$ cede its small state.;;;;;;;;;;;
acquire_state_small_americas;Acquire Small State;;;;;;;;;;;
acquire_state_small_americas_short;Acquire Small State $STATE$.;;;;;;;;;;;
acquire_state_small_americas_desc;Aquire an enemy §Ysmall state§W.;;;;;;;;;;;
acquire_state_small_americas_setup;Demand that $RECIPIENT$ cede its small state.;;;;;;;;;;;
acquire_state_medium;Acquire Medium State;;;;;;;;;;;
acquire_state_medium_short;Acquire Medium State $STATE$.;;;;;;;;;;;
acquire_state_medium_desc;Aquire an enemy §Ymedium state§W.;;;;;;;;;;;
acquire_state_medium_setup;Demand that $RECIPIENT$ cede its medium state.;;;;;;;;;;;
acquire_state_large;Acquire Large State;;;;;;;;;;;
acquire_state_large_short;Acquire Large State $STATE$.;;;;;;;;;;;
acquire_state_large_desc;Aquire an enemy §Ylarge state§W.;;;;;;;;;;;
acquire_state_large_setup;Demand that $RECIPIENT$ cede its large state.;;;;;;;;;;;
acquire_state_huge;Acquire Huge State;;;;;;;;;;;
acquire_state_huge_short;Acquire Huge State $STATE$.;;;;;;;;;;;
acquire_state_huge_desc;Aquire an enemy §Yhuge state§W.;;;;;;;;;;;
acquire_state_huge_setup;Demand that $RECIPIENT$ cede its huge state.;;;;;;;;;;;
demand_concession_casus_belli_tiny;Tiny State Concession;;;;;;;;;;;
demand_concession_casus_belli_tiny_short;Demand Tiny State $STATE$.;;;;;;;;;;;
demand_concession_casus_belli_tiny_desc;Demand a §Ytiny state§W concession.;;;;;;;;;;;
demand_concession_casus_belli_tiny_setup;Demand that $RECIPIENT$ cede its tiny state.;;;;;;;;;;;
demand_concession_casus_belli_small;Small State Concession;;;;;;;;;;;
demand_concession_casus_belli_small_short;Demand Small State $STATE$.;;;;;;;;;;;
demand_concession_casus_belli_small_desc;Demand a §Ysmall state§W concession.;;;;;;;;;;;
demand_concession_casus_belli_small_setup;Demand that $RECIPIENT$ cede its small state.;;;;;;;;;;;
demand_concession_casus_belli_small_exception;Small State Concession;;;;;;;;;;;
demand_concession_casus_belli_small_exception_short;Demand Small State $STATE$.;;;;;;;;;;;
demand_concession_casus_belli_small_exception_desc;Demand a §Ysmall state§W concession.;;;;;;;;;;;
demand_concession_casus_belli_small_exception_setup;Demand that $RECIPIENT$ cede its small state.;;;;;;;;;;;
demand_concession_casus_belli_medium;Medium State Concession;;;;;;;;;;;
demand_concession_casus_belli_medium_short;Demand Medium State $STATE$.;;;;;;;;;;;
demand_concession_casus_belli_medium_desc;Demand a §Ymedium state§W concession.;;;;;;;;;;;
demand_concession_casus_belli_medium_setup;Demand that $RECIPIENT$ cede its medium state.;;;;;;;;;;;
demand_concession_casus_belli_medium_exception;Medium State Concession;;;;;;;;;;;
demand_concession_casus_belli_medium_exception_short;Demand Medium State $STATE$.;;;;;;;;;;;
demand_concession_casus_belli_medium_exception_desc;Demand a §Ymedium state§W concession.;;;;;;;;;;;
demand_concession_casus_belli_medium_exception_setup;Demand that $RECIPIENT$ cede its medium state.;;;;;;;;;;;
demand_concession_casus_belli_large;Large State Concession;;;;;;;;;;;
demand_concession_casus_belli_large_short;Demand Large State $STATE$.;;;;;;;;;;;
demand_concession_casus_belli_large_desc;Demand a §Ylarge state§W concession.;;;;;;;;;;;
demand_concession_casus_belli_large_setup;Demand that $RECIPIENT$ cede its large state.;;;;;;;;;;;
demand_concession_casus_belli_large_exception;Large State Concession;;;;;;;;;;;
demand_concession_casus_belli_large_exception_short;Demand Large State $STATE$.;;;;;;;;;;;
demand_concession_casus_belli_large_exception_desc;Demand a §Ylarge state§W concession.;;;;;;;;;;;
demand_concession_casus_belli_large_exception_setup;Demand that $RECIPIENT$ cede its large state.;;;;;;;;;;;
demand_concession_casus_belli_huge;Huge State Concession;;;;;;;;;;;
demand_concession_casus_belli_huge_short;Demand Huge State $STATE$.;;;;;;;;;;;
demand_concession_casus_belli_huge_desc;Demand a §Yhuge state§W concession.;;;;;;;;;;;
demand_concession_casus_belli_huge_setup;Demand that $RECIPIENT$ cede its huge state.;;;;;;;;;;;
demand_concession_casus_belli_huge_exception;Huge State Concession;;;;;;;;;;;
demand_concession_casus_belli_huge_exception_short;Demand Huge State $STATE$.;;;;;;;;;;;
demand_concession_casus_belli_huge_exception_desc;Demand a §Yhuge state§W concession.;;;;;;;;;;;
demand_concession_casus_belli_huge_exception_setup;Demand that $RECIPIENT$ cede its huge state.;;;;;;;;;;;
place_in_the_sun_tiny;Tiny Place in the Sun;;;;;;;;;;;
place_in_the_sun_tiny_short;Acquire Tiny State $STATE$.;;;;;;;;;;;
place_in_the_sun_tiny_desc;Demand a §Ytiny state§W colony.;;;;;;;;;;;
place_in_the_sun_tiny_setup;Acquire Tiny State $STATE$ from $RECIPIENT$.;;;;;;;;;;;
place_in_the_sun_small;Small Place in the Sun;;;;;;;;;;;
place_in_the_sun_small_short;Acquire Small State $STATE$.;;;;;;;;;;;
place_in_the_sun_small_desc;Demand a §Ysmall state§W colony.;;;;;;;;;;;
place_in_the_sun_small_setup;Acquire Small State $STATE$ from $RECIPIENT$.;;;;;;;;;;;
place_in_the_sun_medium;Medium Place in the Sun;;;;;;;;;;;
place_in_the_sun_medium_short;Acquire Medium State $STATE$.;;;;;;;;;;;
place_in_the_sun_medium_desc;Demand a §Ymedium state§W colony.;;;;;;;;;;;
place_in_the_sun_medium_setup;Acquire Medium State $STATE$ from $RECIPIENT$.;;;;;;;;;;;
place_in_the_sun_large;Large Place in the Sun;;;;;;;;;;;
place_in_the_sun_large_short;Acquire Large State $STATE$.;;;;;;;;;;;
place_in_the_sun_large_desc;Demand a §Ylarge state§W colony.;;;;;;;;;;;
place_in_the_sun_large_setup;Acquire Large State $STATE$ from $RECIPIENT$.;;;;;;;;;;;
place_in_the_sun_huge;Huge Place in the Sun;;;;;;;;;;;
place_in_the_sun_huge_short;Acquire Huge State $STATE$.;;;;;;;;;;;
place_in_the_sun_huge_desc;Demand a §Yhuge state§W colony.;;;;;;;;;;;
place_in_the_sun_huge_setup;Acquire Huge State $STATE$ from $RECIPIENT$.;;;;;;;;;;;
free_peoples_tiny;Free People Tiny State;;;;;;;;;;;
free_peoples_tiny_short;$THIRD$ acquires $STATE$.;;;;;;;;;;;
free_peoples_tiny_desc;Liberate a §Ycountry§W's state from its oppressors.;;;;;;;;;;;
free_peoples_tiny_setup;Hand $STATE$ back to $THIRD$ from $RECIPIENT$.;;;;;;;;;;;
free_peoples_small;Free People Small State;;;;;;;;;;;
free_peoples_small_short;$THIRD$ acquires $STATE$.;;;;;;;;;;;
free_peoples_small_desc;Liberate a §Ycountry§W's state from its oppressors.;;;;;;;;;;;
free_peoples_small_setup;Hand $STATE$ back to $THIRD$ from $RECIPIENT$.;;;;;;;;;;;
free_peoples_medium;Free People Medium State;;;;;;;;;;;
free_peoples_medium_short;$THIRD$ acquires $STATE$.;;;;;;;;;;;
free_peoples_medium_desc;Liberate a §Ycountry§W's state from its oppressors.;;;;;;;;;;;
free_peoples_medium_setup;Hand $STATE$ back to $THIRD$ from $RECIPIENT$.;;;;;;;;;;;
free_peoples_large;Free People Large State;;;;;;;;;;;
free_peoples_large_short;$THIRD$ acquires $STATE$.;;;;;;;;;;;
free_peoples_large_desc;Liberate a §Ycountry§W's state from its oppressors.;;;;;;;;;;;
free_peoples_large_setup;Hand $STATE$ back to $THIRD$ from $RECIPIENT$.;;;;;;;;;;;
free_peoples_huge;Free People Huge State;;;;;;;;;;;
free_peoples_huge_short;$THIRD$ acquires $STATE$.;;;;;;;;;;;
free_peoples_huge_desc;Liberate a §Ycountry§W's state from its oppressors.;;;;;;;;;;;
free_peoples_huge_setup;Hand $STATE$ back to $THIRD$ from $RECIPIENT$.;;;;;;;;;;;
demand_concession_strat;Take Strategic Concession;;;;;;;;;;;;;x
demand_concession_strat_short;Acquire $STATE$;;;;;;;;;;;;;x
demand_concession_strat_desc;This CB fixes the warscore value in order to keep warscore values consistent and prevent exploits.;;;;;;;;;;;;;x
demand_concession_strat_setup;Demand that $RECIPIENT$ secede territory.;;;;;;;;;;;;;x
demand_concession_small;Take Small Concession;;;;;;;;;;;;;x
demand_concession_small_short;Acquire $STATE$;;;;;;;;;;;;;x
demand_concession_small_desc;This CB fixes the warscore value in order to keep warscore values consistent and prevent exploits.;;;;;;;;;;;;;x
demand_concession_small_setup;Demand that $RECIPIENT$ secede territory.;;;;;;;;;;;;;x
demand_concession_medium;Take Medium Concession;;;;;;;;;;;;;x
demand_concession_medium_short;Acquire $STATE$;;;;;;;;;;;;;x
demand_concession_medium_desc;This CB fixes the warscore value in order to keep warscore values consistent and prevent exploits.;;;;;;;;;;;;;x
demand_concession_medium_setup;Demand that $RECIPIENT$ secede territory.;;;;;;;;;;;;;x
demand_concession_large;Take Large Concession;;;;;;;;;;;;;x
demand_concession_large_short;Acquire $STATE$;;;;;;;;;;;;;x
demand_concession_large_desc;This CB fixes the warscore value in order to keep warscore values consistent and prevent exploits.;;;;;;;;;;;;;x
demand_concession_large_setup;Demand that $RECIPIENT$ secede territory.;;;;;;;;;;;;;x
demand_concession_huge;Take Huge Concession;;;;;;;;;;;;;x
demand_concession_huge_short;Acquire $STATE$;;;;;;;;;;;;;x
demand_concession_huge_desc;This CB fixes the warscore value in order to keep warscore values consistent and prevent exploits.;;;;;;;;;;;;;x
demand_concession_huge_setup;Demand that $RECIPIENT$ secede territory.;;;;;;;;;;;;;x